{
  "Random": {
    "mean_fidelity": 0.24621179678960983,
    "std_fidelity": 0.14121182189977657,
    "mean_depth": 7.533333333333333,
    "fidelities": [
      0.009843424619523434,
      0.4938014064062498,
      0.47611406793870586,
      0.24999999999999933,
      0.2487602387307019,
      0.08439309625979238,
      0.414776788719631,
      0.2210073909502456,
      0.1072367050633099,
      0.2499999999999995,
      0.01343376542146155,
      0.24644693466017983,
      0.009843424619523434,
      0.4901565753804762,
      0.24999999999999933,
      0.25386890653397665,
      0.2499999999999996,
      0.009843424619523434,
      0.09485808918516991,
      0.4795457773094829,
      0.25756855739627066,
      0.24999999999999897,
      0.18356892902248456,
      0.3831897264796097,
      0.2499999999999988,
      0.24780071540256482,
      0.24999999999999908,
      0.41313108052929043,
      0.24716487844012724,
      0.24999999999999833
    ]
  },
  "Qiskit": {
    "mean_fidelity": 0.4938014064062498,
    "std_fidelity": 0.0,
    "mean_depth": 0.0,
    "fidelities": [
      0.4938014064062498
    ]
  },
  "PPO": {
    "mean_fidelity": 0.49380140640624987,
    "std_fidelity": 5.551115123125783e-17,
    "mean_depth": 0.0,
    "fidelities": [
      0.4938014064062498,
      0.4938014064062498,
      0.4938014064062498,
      0.4938014064062498,
      0.4938014064062498,
      0.4938014064062498,
      0.4938014064062498,
      0.4938014064062498,
      0.4938014064062498,
      0.4938014064062498,
      0.4938014064062498,
      0.4938014064062498,
      0.4938014064062498,
      0.4938014064062498,
      0.4938014064062498,
      0.4938014064062498,
      0.4938014064062498,
      0.4938014064062498,
      0.4938014064062498,
      0.4938014064062498,
      0.4938014064062498,
      0.4938014064062498,
      0.4938014064062498,
      0.4938014064062498,
      0.4938014064062498,
      0.4938014064062498,
      0.4938014064062498,
      0.4938014064062498,
      0.4938014064062498,
      0.4938014064062498
    ]
  }
}