{
  "Random": {
    "mean_fidelity": 0.2491128567139711,
    "std_fidelity": 0.07966019698859214,
    "mean_depth": 7.56,
    "fidelities": [
      0.24696620006797626,
      0.2530798435937499,
      0.2551808620243836,
      0.24999999999999928,
      0.38996772696941795,
      0.24999999999999944,
      0.25203376675663663,
      0.25377546525503597,
      0.24841907356631499,
      0.24962526320801828,
      0.25788916087616426,
      0.24760445320798374,
      0.24457965162383494,
      0.390649037611093,
      0.24728965935947517,
      0.25303379993202324,
      0.24999999999999933,
      0.2503820451857117,
      0.24999999999999895,
      0.24943501256797623,
      0.2464452948838677,
      0.2505400246861795,
      0.25005842781667237,
      0.09368395453352737,
      0.2499999999999978,
      0.3465852590485492,
      0.24332954661841583,
      0.2477102952539043,
      0.25211170081000833,
      0.24764026663252392,
      0.2544323895825649,
      0.019879215846509847,
      0.037099277621456414,
      0.2530798435937499,
      0.1402953325666657,
      0.25262968750552794,
      0.2477627638353577,
      0.25485746847580576,
      0.1487745384346659,
      0.24999999999999886,
      0.24999999999999917,
      0.24768425505227815,
      0.24942361835271004,
      0.4871823332083146,
      0.24997278068049925,
      0.2521580424181525,
      0.3985872164773868,
      0.25788916087616426,
      0.09328902054043015,
      0.3926300985408794
    ]
  },
  "Qiskit": {
    "mean_fidelity": 0.9584585601106118,
    "std_fidelity": 0.0,
    "mean_depth": 2.0,
    "fidelities": [
      0.9584585601106118
    ]
  },
  "PPO": {
    "mean_fidelity": 0.9584585601106119,
    "std_fidelity": 1.1102230246251565e-16,
    "mean_depth": 2.0,
    "fidelities": [
      0.9584585601106118,
      0.9584585601106118,
      0.9584585601106118,
      0.9584585601106118,
      0.9584585601106118,
      0.9584585601106118,
      0.9584585601106118,
      0.9584585601106118,
      0.9584585601106118,
      0.9584585601106118,
      0.9584585601106118,
      0.9584585601106118,
      0.9584585601106118,
      0.9584585601106118,
      0.9584585601106118,
      0.9584585601106118,
      0.9584585601106118,
      0.9584585601106118,
      0.9584585601106118,
      0.9584585601106118,
      0.9584585601106118,
      0.9584585601106118,
      0.9584585601106118,
      0.9584585601106118,
      0.9584585601106118,
      0.9584585601106118,
      0.9584585601106118,
      0.9584585601106118,
      0.9584585601106118,
      0.9584585601106118,
      0.9584585601106118,
      0.9584585601106118,
      0.9584585601106118,
      0.9584585601106118,
      0.9584585601106118,
      0.9584585601106118,
      0.9584585601106118,
      0.9584585601106118,
      0.9584585601106118,
      0.9584585601106118,
      0.9584585601106118,
      0.9584585601106118,
      0.9584585601106118,
      0.9584585601106118,
      0.9584585601106118,
      0.9584585601106118,
      0.9584585601106118,
      0.9584585601106118,
      0.9584585601106118,
      0.9584585601106118
    ]
  }
}